{
	"credit": "Made with Blockbench",
	"textures": {
		"0": "texture5555555",
		"particle": "texture5555555"
	},
	"elements": [
		{
			"from": [0, 0, 0],
			"to": [2, 0, 4],
			"faces": {
				"north": {"uv": [0, 0, 2, 0], "texture": "#missing"},
				"east": {"uv": [0, 0, 4, 0], "texture": "#missing"},
				"south": {"uv": [0, 0, 2, 0], "texture": "#missing"},
				"west": {"uv": [0, 0, 4, 0], "texture": "#missing"},
				"up": {"uv": [0, 0, 2, 4], "texture": "#0"},
				"down": {"uv": [0, 0, 2, 4], "texture": "#0"}
			}
		},
		{
			"from": [2, 0, 0],
			"to": [4, 0, 4],
			"faces": {
				"north": {"uv": [0, 0, 2, 0], "texture": "#missing"},
				"east": {"uv": [0, 0, 4, 0], "texture": "#missing"},
				"south": {"uv": [0, 0, 2, 0], "texture": "#missing"},
				"west": {"uv": [0, 0, 4, 0], "texture": "#missing"},
				"up": {"uv": [0, 0, 2, 4], "texture": "#0"},
				"down": {"uv": [0, 0, 2, 4], "texture": "#0"}
			}
		},
		{
			"from": [0, -4, 0],
			"to": [0, 0, 2],
			"faces": {
				"north": {"uv": [0, 0, 0, 4], "texture": "#missing"},
				"east": {"uv": [0, 0, 2, 4], "texture": "#0"},
				"south": {"uv": [0, 0, 0, 4], "texture": "#missing"},
				"west": {"uv": [0, 0, 2, 4], "texture": "#0"},
				"up": {"uv": [0, 0, 0, 2], "texture": "#missing"},
				"down": {"uv": [0, 0, 0, 2], "texture": "#missing"}
			}
		}
	],
	"display": {
		"thirdperson_righthand": {
			"rotation": [-23, 0, 0],
			"translation": [8.75, 12, 3.5]
		},
		"thirdperson_lefthand": {
			"translation": [-7.75, 10.25, 8.5]
		},
		"ground": {
			"translation": [9, 7.5, 7.25]
		},
		"gui": {
			"rotation": [55, 54, 78],
			"translation": [-1.25, -3.25, 0],
			"scale": [1.51, 1.65, 1]
		},
		"head": {
			"rotation": [-90, 0, 0],
			"translation": [0.5, 6, -15.75]
		},
		"fixed": {
			"rotation": [-90, 0, 0],
			"translation": [10.25, 5.5, -8.75],
			"scale": [1.44, 0.8, 1.09]
		}
	}
}